{"cameraMode":{"drawMode":0,"name":"Shaded","section":"Shading Mode"},"sceneLighting":false,"audioPlay":false,"sceneViewState":{"m_AlwaysRefresh":false,"showFog":true,"showSkybox":true,"showFlares":true,"showImageEffects":true,"showParticleSystems":true,"showVisualEffectGraphs":true,"m_FxEnabled":true},"in2DMode":false,"pivot":{"x":33.03343200683594,"y":-177.54312133789063,"z":118.43962860107422},"rotation":{"x":-0.4987161457538605,"y":0.02261287346482277,"z":-0.013021260499954224,"w":-0.8663786053657532},"size":143.21343994140626,"orthographic":false}