{"cameraMode":{"drawMode":0,"name":"Shaded","section":"Shading Mode"},"sceneLighting":false,"audioPlay":false,"sceneViewState":{"m_AlwaysRefresh":false,"showFog":true,"showSkybox":true,"showFlares":true,"showImageEffects":true,"showParticleSystems":true,"showVisualEffectGraphs":true,"m_FxEnabled":true},"in2DMode":false,"pivot":{"x":27.837783813476564,"y":-76.71941375732422,"z":152.0675811767578},"rotation":{"x":-0.24502646923065186,"y":0.18534839153289796,"z":-0.04778332635760307,"w":-0.9504357576370239},"size":112.07408142089844,"orthographic":false}